{"cameraMode":{"drawMode":0,"name":"Shaded","section":"Shading Mode"},"sceneLighting":true,"audioPlay":false,"sceneViewState":{"showFog":true,"showMaterialUpdate":false,"showSkybox":true,"showFlares":true,"showImageEffects":true,"showParticleSystems":true},"in2DMode":false,"pivot":{"x":-426.2186279296875,"y":-272.1478576660156,"z":850.3345336914063},"rotation":{"x":-0.1538315862417221,"y":0.20209649205207826,"z":-0.032160986214876178,"w":-0.9666739702224731},"size":1115.06201171875,"orthographic":false}